continent,country,time,gender_wage_gap,gender_wage_gap_fill,parttime_women,employment_women,employment_men,fte_women,fte_women_fill,fte_men,fte_men_fill
Oceania,Australia,1990,,,,57.4,79.2,,,,
Oceania,Australia,1991,,,,56.0,75.8,,,,
Oceania,Australia,1992,,,,55.6,74.2,,,,
Oceania,Australia,1993,,,,55.4,73.7,,,,
Oceania,Australia,1994,,,,56.9,75.1,,,,
Oceania,Australia,1995,,,,58.8,76.4,,,,
Oceania,Australia,1996,,,,59.0,76.3,,,,
Oceania,Australia,1997,,,,58.8,75.8,,,,
Oceania,Australia,1998,,,,59.4,76.2,,,,
Oceania,Australia,1999,,,,59.9,76.6,,,,
Oceania,Australia,2000,17.2,17.2,,61.3,76.9,,,,
Oceania,Australia,2001,14.3,14.3,38.8,61.7,76.4,47.9,,80.3,
Oceania,Australia,2002,15.0,15.0,39.1,62.0,76.7,48.0,,80.2,
Oceania,Australia,2003,13.0,13.0,39.4,63.0,77.1,48.7,,80.5,
Oceania,Australia,2004,14.4,14.4,38.4,63.0,77.6,49.0,,80.8,
Oceania,Australia,2005,15.8,15.8,38.7,64.6,78.5,50.2,,81.6,
Oceania,Australia,2006,16.7,16.7,38.3,65.4,78.8,51.0,,81.4,
Oceania,Australia,2007,15.4,15.4,37.7,66.1,79.5,51.8,,82.3,
Oceania,Australia,2008,11.9,11.9,37.7,66.7,79.7,52.4,,82.3,
Oceania,Australia,2009,16.4,16.4,38.2,66.3,77.8,51.6,,79.4,
Oceania,Australia,2010,14.0,14.0,38.6,66.1,78.6,51.3,,80.0,
Oceania,Australia,2011,16.0,16.0,38.4,66.7,78.7,51.8,,80.2,
Oceania,Australia,2012,13.8,13.8,38.2,66.6,78.1,51.8,,79.8,
Oceania,Australia,2013,18.0,18.0,38.1,66.4,77.6,51.7,,78.7,
Oceania,Australia,2014,,18.0,38.3,66.1,77.1,51.1,,77.7,
Europe,Austria,1994,,,,58.9,78.0,,,,
Europe,Austria,1995,,,21.6,58.9,78.6,52.9,,80.6,
Europe,Austria,1996,,,21.7,58.3,77.4,52.4,,79.6,
Europe,Austria,1997,,,21.3,58.4,77.2,52.6,,79.7,
Europe,Austria,1998,,,22.8,58.5,77.0,52.0,,79.2,
Europe,Austria,1999,,,24.4,59.4,77.5,52.1,,79.9,
Europe,Austria,2000,23.1,23.1,23.9,59.4,77.3,52.1,,79.6,
Europe,Austria,2001,22.8,22.8,25.3,59.9,76.6,51.9,,78.4,
Europe,Austria,2002,24.5,24.5,26.1,61.2,76.4,52.6,,78.1,
Europe,Austria,2003,21.1,21.1,26.7,61.6,76.4,52.7,,77.9,
Europe,Austria,2004,22.4,22.4,29.3,59.7,73.3,51.3,,80.4,
Europe,Austria,2005,22.0,22.0,30.3,61.1,73.7,51.8,,80.4,
Europe,Austria,2006,21.9,21.9,31.2,62.2,74.9,52.5,,81.5,
Europe,Austria,2007,21.6,21.6,31.4,63.5,76.3,53.3,,82.4,
Europe,Austria,2008,20.9,20.9,31.3,64.8,76.8,54.1,,82.0,
Europe,Austria,2009,19.4,19.4,32.4,65.2,75.5,53.7,,80.0,
Europe,Austria,2010,19.2,19.2,33.0,65.7,76.0,53.8,,79.8,
Europe,Austria,2011,18.6,18.6,32.8,66.1,76.2,54.0,,80.0,
Europe,Austria,2012,18.2,18.2,33.5,66.7,76.2,54.3,,79.6,
Europe,Austria,2013,18.1,18.1,33.4,66.9,76.0,54.1,,78.4,
Europe,Austria,2014,,18.1,34.9,66.9,75.2,53.5,,76.9,
Europe,Belgium,1990,,,28.8,40.8,68.1,,,,
Europe,Belgium,1991,,,30.5,43.0,68.7,,,,
Europe,Belgium,1992,,,30.4,44.6,68.4,,,,
Europe,Belgium,1993,,,30.2,44.9,67.0,,,,
Europe,Belgium,1994,,,30.0,44.8,66.5,,,,
Europe,Belgium,1995,,,29.9,45.4,66.9,38.1,,67.9,
Europe,Belgium,1996,,,30.2,45.6,66.8,37.9,,67.4,
Europe,Belgium,1997,,,30.5,46.7,67.1,38.9,,68.1,
Europe,Belgium,1998,,,31.2,47.5,67.0,39.9,,69.0,
Europe,Belgium,1999,,,36.6,50.2,67.5,41.0,,68.6,
Europe,Belgium,2000,13.6,13.6,35.5,51.5,69.5,42.0,,70.7,
Europe,Belgium,2001,13.2,13.2,33.5,51.0,68.8,41.7,,70.1,
Europe,Belgium,2002,11.6,11.6,32.9,51.4,68.3,42.6,,69.7,
Europe,Belgium,2003,15.2,15.2,33.7,51.8,67.3,42.4,,68.4,
Europe,Belgium,2004,11.8,11.8,33.9,52.6,67.9,42.6,,68.9,
Europe,Belgium,2005,11.5,11.5,33.1,53.8,68.3,43.9,,69.2,
Europe,Belgium,2006,10.3,10.3,33.8,54.0,67.9,43.7,,68.7,
Europe,Belgium,2007,9.9,9.9,32.2,55.3,68.7,45.4,,69.7,
Europe,Belgium,2008,8.9,8.9,32.5,56.2,68.6,45.8,,69.0,
Europe,Belgium,2009,7.5,7.5,31.8,56.0,67.2,45.9,,67.5,
Europe,Belgium,2010,7.0,7.0,31.7,56.5,67.4,46.4,,68.2,
Europe,Belgium,2011,5.8,5.8,32.4,56.7,67.1,46.3,,67.9,
Europe,Belgium,2012,6.4,6.4,32.1,56.8,66.9,46.5,,67.8,
Europe,Belgium,2013,5.9,5.9,31.4,57.2,66.4,47.2,,67.9,
Europe,Belgium,2014,,5.9,30.5,57.9,65.8,48.0,,66.9,
South America,Brazil,2001,,,28.4,51.2,78.2,46.1,,87.8,
South America,Brazil,2002,,,30.0,52.9,78.6,46.9,,87.3,
South America,Brazil,2003,,,29.7,52.9,77.9,46.8,,86.1,
South America,Brazil,2004,,,29.7,54.4,79.3,48.1,,87.5,
South America,Brazil,2005,,,30.9,55.3,79.5,48.3,,86.4,
South America,Brazil,2006,,,30.6,55.9,79.6,48.8,,86.0,
South America,Brazil,2007,,,29.1,55.9,79.7,49.2,,86.1,
South America,Brazil,2008,,,28.7,56.8,80.6,50.3,,86.5,
South America,Brazil,2009,,,28.1,56.4,79.7,50.0,,85.3,
South America,Brazil,2011,,,24.6,55.2,79.4,49.8,,84.1,
South America,Brazil,2012,,,24.6,55.8,79.3,50.3,,83.4,
South America,Brazil,2013,,,24.7,55.5,78.6,54.4,,82.1,
North America,Canada,1990,,,26.7,62.8,77.9,,,,
North America,Canada,1991,,,27.9,61.9,74.7,,,,
North America,Canada,1992,,,28.3,61.0,72.6,,,,
North America,Canada,1993,,,29.0,60.5,72.4,,,,
North America,Canada,1994,,,28.8,61.1,73.0,,,,
North America,Canada,1995,,,28.5,61.6,73.4,,,,
North America,Canada,1996,,,29.0,61.5,73.2,,,,
North America,Canada,1997,,,29.3,62.1,73.8,,,,
North America,Canada,1998,,,28.6,63.5,74.4,,,,
North America,Canada,1999,,,27.9,64.6,75.4,,,,
North America,Canada,2000,23.9,23.9,27.2,65.6,76.2,,,,
North America,Canada,2001,24.3,24.3,27.0,65.9,75.7,,,,
North America,Canada,2002,24.0,24.0,27.7,66.9,75.9,,,,
North America,Canada,2003,22.5,22.5,27.9,68.0,76.4,,,,
North America,Canada,2004,22.7,22.7,27.2,68.3,76.6,,,,
North America,Canada,2005,21.3,21.3,27.0,68.2,76.6,,,,
North America,Canada,2006,21.1,21.1,26.4,68.9,76.7,,,,
North America,Canada,2007,20.8,20.8,26.3,69.9,77.0,,,,
North America,Canada,2008,20.5,20.5,26.6,69.9,77.1,,,,
North America,Canada,2009,20.1,20.1,27.2,69.0,73.8,,,,
North America,Canada,2010,19.0,19.0,27.7,68.8,74.1,,,,
North America,Canada,2011,19.2,19.2,27.0,68.9,74.8,,,,
North America,Canada,2012,19.5,19.5,26.7,69.2,74.9,,,,
North America,Canada,2013,19.3,19.3,26.7,69.7,75.2,,,,
North America,Canada,2014,19.2,19.2,27.0,69.4,75.2,,,,
South America,Chile,1996,,,9.4,34.4,76.0,,,,
South America,Chile,1997,,,9.6,35.4,75.6,,,,
South America,Chile,1998,,,8.6,35.8,75.2,,,,
South America,Chile,1999,,,8.7,35.0,72.2,,,,
South America,Chile,2000,,,8.7,35.1,71.9,,,,
South America,Chile,2001,,,9.8,34.5,71.2,,,,
South America,Chile,2002,,,9.0,34.5,71.0,,,,
South America,Chile,2003,,,9.9,35.8,71.3,,,,
South America,Chile,2004,,,11.7,36.7,70.7,,,,
South America,Chile,2005,,,12.1,38.0,71.1,,,,
South America,Chile,2006,4.0,4.0,13.3,39.2,72.0,,,,
South America,Chile,2007,,4.0,13.9,40.4,72.3,,,,
South America,Chile,2008,,4.0,15.2,42.1,72.6,,,,
South America,Chile,2009,9.1,9.1,17.0,42.2,70.0,,,,
South America,Chile,2010,,9.1,25.7,46.7,72.1,,,,
South America,Chile,2011,16.0,16.0,25.5,49.1,73.6,,,,
South America,Chile,2012,,16.0,24.6,50.2,73.6,,,,
South America,Chile,2013,16.7,16.7,24.3,51.0,73.8,,,,
South America,Chile,2014,,16.7,25.0,51.7,72.8,,,,
Asia,China (People's Republic of),2000,,,,73.8,84.6,,,,
Asia,China (People's Republic of),2010,,,,68.0,82.0,,,,
South America,Colombia,2001,,,28.2,46.0,75.5,47.3,,94.9,
South America,Colombia,2002,,,29.6,46.0,74.7,46.4,,93.1,
South America,Colombia,2003,,,26.4,47.8,76.4,49.9,,98.3,
South America,Colombia,2004,,,26.8,46.6,75.5,48.6,,97.1,
South America,Colombia,2005,,,24.3,47.1,76.5,49.7,,96.7,
South America,Colombia,2007,,,22.8,46.0,75.2,49.6,,95.5,
South America,Colombia,2008,,,23.1,46.6,75.3,49.4,,95.0,
South America,Colombia,2009,,,24.8,49.0,76.5,50.8,,95.6,
South America,Colombia,2010,,,26.3,50.9,77.2,52.3,,96.6,
South America,Colombia,2011,,,27.3,52.4,78.4,53.3,,97.4,
South America,Colombia,2012,,,28.6,54.1,79.1,54.3,,97.9,
South America,Colombia,2013,,,28.4,54.6,79.1,54.6,,97.6,
South America,Colombia,2014,,,26.6,55.2,79.6,55.3,,97.4,
North America,Costa Rica,2010,,,27.0,44.6,74.3,42.7,,95.0,
North America,Costa Rica,2011,,,21.0,43.0,72.7,43.9,,90.6,
North America,Costa Rica,2012,,,26.0,48.7,74.6,46.1,,88.9,
North America,Costa Rica,2013,,,30.0,48.7,74.6,44.4,,88.0,
North America,Costa Rica,2014,,,30.6,48.0,75.2,44.1,,89.6,
Europe,Czech Republic,1993,,,5.8,60.4,77.6,,,,
Europe,Czech Republic,1994,,,5.6,61.0,77.5,,,,
Europe,Czech Republic,1995,,,5.6,61.0,77.9,,,,
Europe,Czech Republic,1996,,,5.3,60.6,78.1,,,,
Europe,Czech Republic,1997,,,5.5,59.9,77.4,,,,
Europe,Czech Republic,1998,,,5.4,58.7,76.3,,,,
Europe,Czech Republic,1999,,,5.6,57.4,74.3,,,,
Europe,Czech Republic,2000,19.1,19.1,5.4,56.9,73.6,,,,
Europe,Czech Republic,2001,17.0,17.0,5.4,57.0,73.6,,,,
Europe,Czech Republic,2002,16.1,16.1,4.9,57.1,74.2,56.4,,80.8,
Europe,Czech Republic,2003,15.8,15.8,5.3,56.3,73.4,55.7,,80.5,
Europe,Czech Republic,2004,16.3,16.3,5.2,56.0,72.4,,55.7,,80.5
Europe,Czech Republic,2005,16.1,16.1,5.5,56.3,73.3,55.7,,79.5,
Europe,Czech Republic,2006,15.5,15.5,5.6,56.8,73.7,56.0,,79.9,
Europe,Czech Republic,2007,17.1,17.1,5.9,57.3,74.8,56.5,,81.1,
Europe,Czech Republic,2008,18.0,18.0,5.8,57.6,75.4,56.8,,81.7,
Europe,Czech Republic,2009,15.2,15.2,6.2,56.7,73.8,55.5,,79.5,
Europe,Czech Republic,2010,15.9,15.9,7.0,56.3,73.5,54.9,,78.6,
Europe,Czech Republic,2011,16.5,16.5,6.6,57.2,74.0,55.8,,78.9,
Europe,Czech Republic,2012,15.4,15.4,7.0,58.2,74.6,56.5,,79.1,
Europe,Czech Republic,2013,15.5,15.5,8.0,59.6,75.7,57.3,,79.5,
Europe,Czech Republic,2014,16.1,16.1,7.7,60.7,77.0,58.3,,80.6,
Europe,Denmark,1990,,,29.7,70.6,80.1,,,,
Europe,Denmark,1991,,,28.8,70.1,79.1,,,,
Europe,Denmark,1992,,,29.0,70.4,78.5,,,,
Europe,Denmark,1993,,,28.5,68.7,75.9,,,,
Europe,Denmark,1994,,,26.2,67.1,77.6,,,,
Europe,Denmark,1995,,,25.8,67.0,80.7,54.1,,77.8,
Europe,Denmark,1996,,,24.4,67.4,80.5,54.4,,77.0,
Europe,Denmark,1997,,,24.5,69.4,81.3,56.2,,76.6,
Europe,Denmark,1998,,,25.6,70.3,80.2,56.4,,76.6,
Europe,Denmark,1999,,,22.7,71.6,81.2,58.5,,78.0,
Europe,Denmark,2000,,,22.4,71.6,80.8,58.9,,78.3,
Europe,Denmark,2001,,,21.3,72.0,80.2,59.5,,78.0,
Europe,Denmark,2002,,,21.4,71.7,80.0,58.9,,77.1,
Europe,Denmark,2003,,,22.7,70.5,79.6,57.6,,76.5,
Europe,Denmark,2004,,,23.8,71.6,79.7,57.6,,76.4,
Europe,Denmark,2005,,,23.9,71.9,79.8,58.2,,76.5,
Europe,Denmark,2006,,,24.6,73.4,81.2,59.1,,77.4,
Europe,Denmark,2007,,,23.4,73.2,80.8,58.2,,73.9,
Europe,Denmark,2008,10.2,10.2,23.3,74.1,81.6,58.7,,73.8,
Europe,Denmark,2009,10.2,10.2,24.5,72.7,78.0,57.1,,69.8,
Europe,Denmark,2010,8.9,8.9,25.4,71.1,75.6,55.4,,67.8,
Europe,Denmark,2011,7.9,7.9,25.2,70.4,75.9,54.9,,68.1,
Europe,Denmark,2012,7.0,7.0,24.9,70.0,75.2,54.7,,67.1,
Europe,Denmark,2013,6.8,6.8,24.7,70.0,75.0,54.8,,66.9,
Europe,Denmark,2014,,6.8,25.4,69.8,75.8,54.3,,67.4,
Europe,Estonia,1990,,,,71.9,84.9,,,,
Europe,Estonia,1991,,,,69.8,83.2,,,,
Europe,Estonia,1992,,,,65.8,79.7,,,,
Europe,Estonia,1993,,,,62.6,75.8,,,,
Europe,Estonia,1994,,,,62.0,75.3,,,,
Europe,Estonia,1995,,,,60.6,71.6,,,,
Europe,Estonia,1996,,,,60.5,70.2,,,,
Europe,Estonia,1997,,,,60.5,71.4,,,,
Europe,Estonia,1998,,,,60.5,69.5,,,,
Europe,Estonia,1999,,,,57.9,66.4,,,,
Europe,Estonia,2000,,,10.0,57.3,64.1,55.8,,67.0,
Europe,Estonia,2001,,,10.1,57.8,64.8,56.0,,67.4,
Europe,Estonia,2002,24.0,24.0,10.0,58.0,64.5,56.0,,66.5,
Europe,Estonia,2003,,24.0,10.6,59.5,66.1,56.9,,68.1,
Europe,Estonia,2004,,24.0,9.3,60.4,65.1,57.9,,66.8,
Europe,Estonia,2005,,24.0,9.5,62.8,66.1,60.3,,67.7,
Europe,Estonia,2006,28.1,28.1,10.3,65.4,71.2,62.5,,73.0,
Europe,Estonia,2007,,28.1,10.1,66.1,73.2,62.9,,75.1,
Europe,Estonia,2008,,28.1,9.0,66.6,73.6,63.5,,74.8,
Europe,Estonia,2009,,28.1,11.3,63.2,64.3,59.3,,64.3,
Europe,Estonia,2010,26.6,26.6,11.7,60.7,61.7,56.8,,61.9,
Europe,Estonia,2011,,26.6,12.9,62.9,67.9,58.5,,68.1,
Europe,Estonia,2012,,26.6,11.9,64.6,69.9,60.5,,70.2,
Europe,Estonia,2013,,26.6,11.3,65.6,71.4,61.7,,71.5,
Europe,Estonia,2014,,26.6,10.3,66.2,73.0,62.7,,72.7,
Europe,Finland,1990,,26.6,10.6,71.5,77.9,,,,
Europe,Finland,1991,,26.6,10.5,68.4,73.0,,,,
Europe,Finland,1992,,,10.6,63.8,67.3,,,,
Europe,Finland,1993,,,11.5,59.7,63.1,,,,
Europe,Finland,1994,,,11.5,58.7,62.6,,,,
Europe,Finland,1995,,,11.7,59.0,64.8,,,,
Europe,Finland,1996,,,11.4,59.5,66.0,,,,
Europe,Finland,1997,,,12.5,60.4,66.6,,,,
Europe,Finland,1998,,,13.0,61.3,68.2,,,,
Europe,Finland,1999,,,13.5,63.6,69.6,,,,
Europe,Finland,2000,20.4,20.4,13.9,64.5,70.5,,,,
Europe,Finland,2001,21.2,21.2,14.0,65.4,71.2,58.4,,71.5,
Europe,Finland,2002,20.4,20.4,14.8,66.1,70.4,59.4,,70.6,
Europe,Finland,2003,20.1,20.1,15.0,65.7,70.1,58.7,,70.1,
Europe,Finland,2004,20.0,20.0,14.9,65.5,70.0,58.3,,69.7,
Europe,Finland,2005,18.9,18.9,14.8,66.5,70.5,59.9,,71.0,
Europe,Finland,2006,19.4,19.4,14.9,67.3,71.8,60.3,,72.1,
Europe,Finland,2007,21.4,21.4,15.5,68.5,72.4,60.3,,71.7,
Europe,Finland,2008,21.2,21.2,15.1,69.0,73.4,61.0,,72.7,
Europe,Finland,2009,19.7,19.7,15.9,67.9,68.9,59.7,,67.7,
Europe,Finland,2010,18.9,18.9,16.0,66.9,69.7,58.7,,68.5,
Europe,Finland,2011,18.6,18.6,16.0,67.5,70.9,59.3,,69.5,
Europe,Finland,2012,18.7,18.7,16.5,68.2,70.9,59.6,,69.4,
Europe,Finland,2013,20.2,20.2,16.7,67.8,69.2,58.9,,67.4,
Europe,Finland,2014,,20.2,16.8,67.9,69.8,59.1,,67.7,
Europe,France,1990,,,22.5,50.9,71.0,,,,
Europe,France,1991,,,21.9,51.4,69.9,,,,
Europe,France,1992,,,22.7,51.3,69.3,,,,
Europe,France,1993,,,23.7,51.6,67.8,,,,
Europe,France,1994,,,24.5,51.3,66.6,,,,
Europe,France,1995,,,24.8,52.0,67.3,45.3,,69.6,
Europe,France,1996,,,24.4,52.3,67.3,45.4,,69.3,
Europe,France,1997,,,25.8,52.1,66.8,44.8,,68.6,
Europe,France,1998,,,25.5,52.9,67.2,45.3,,68.8,
Europe,France,1999,,,25.4,53.5,67.5,45.7,,68.8,
Europe,France,2000,14.6,14.6,24.3,54.8,68.8,46.5,,69.0,
Europe,France,2001,15.1,15.1,23.8,55.7,69.8,47.0,,69.1,
Europe,France,2002,15.2,15.2,23.6,56.4,69.6,47.1,,67.7,
Europe,France,2003,15.1,15.1,22.8,58.2,69.9,49.9,,71.9,
Europe,France,2004,15.0,15.0,23.1,58.2,69.4,49.7,,71.4,
Europe,France,2005,14.4,14.4,22.6,58.4,69.2,50.1,,71.3,
Europe,France,2006,14.0,14.0,22.6,58.6,68.9,50.5,,71.0,
Europe,France,2007,14.0,14.0,22.8,59.6,69.1,51.5,,71.2,
Europe,France,2008,14.3,14.3,21.9,60.2,69.5,52.3,,71.6,
Europe,France,2009,14.0,14.0,22.5,59.8,68.3,51.7,,70.3,
Europe,France,2010,14.1,14.1,22.3,59.7,68.2,51.8,,70.0,
Europe,France,2011,14.0,14.0,22.1,59.7,68.2,51.9,,69.9,
Europe,France,2012,13.7,13.7,22.3,60.0,68.0,51.9,,69.5,
Europe,France,2013,,13.7,22.5,60.4,67.8,51.8,,68.6,
Europe,France,2014,,13.7,22.3,60.9,67.6,52.1,,67.8,
Europe,Germany,1990,,,29.8,52.2,75.7,,,,
Europe,Germany,1991,,,25.2,56.3,77.6,,,,
Europe,Germany,1992,,,26.1,55.7,76.4,,,,
Europe,Germany,1993,,,27.2,55.1,74.9,,,,
Europe,Germany,1994,,,28.0,54.7,74.0,,,,
Europe,Germany,1995,,,29.1,55.3,73.7,45.7,,75.3,
Europe,Germany,1996,,,29.9,55.5,72.8,45.9,,75.2,
Europe,Germany,1997,,,31.4,55.3,72.1,45.2,,74.3,
Europe,Germany,1998,,,32.4,56.3,72.9,45.5,,74.9,
Europe,Germany,1999,,,33.1,57.4,72.8,46.0,,74.9,
Europe,Germany,2000,20.5,20.5,33.9,58.1,72.9,46.4,,75.0,
Europe,Germany,2001,19.3,19.3,35.0,58.7,72.8,46.3,,74.4,
Europe,Germany,2002,19.1,19.1,35.3,58.8,71.7,46.1,,72.8,
Europe,Germany,2003,20.4,20.4,36.3,58.7,70.4,45.3,,70.5,
Europe,Germany,2004,22.5,22.5,37.0,59.2,70.8,45.5,,71.3,
Europe,Germany,2005,17.3,17.3,38.8,59.6,71.4,45.1,,71.7,
Europe,Germany,2006,19.3,19.3,39.0,61.4,72.8,46.4,,73.0,
Europe,Germany,2007,17.1,17.1,39.1,63.2,74.7,47.6,,74.7,
Europe,Germany,2008,17.4,17.4,38.5,64.3,75.9,48.7,,75.8,
Europe,Germany,2009,17.0,17.0,38.3,65.2,75.5,49.7,,75.6,
Europe,Germany,2010,16.8,16.8,37.9,66.1,76.1,50.5,,76.2,
Europe,Germany,2011,17.1,17.1,38.3,67.8,77.6,51.5,,77.5,
Europe,Germany,2012,13.8,13.8,38.0,68.1,77.9,51.8,,77.7,
Europe,Germany,2013,13.4,13.4,38.1,69.0,78.0,52.3,,77.2,
Europe,Germany,2014,,13.4,37.5,69.5,78.1,53.0,,77.0,
Europe,Greece,1990,,,11.6,37.5,73.4,,,,
Europe,Greece,1991,,,12.1,34.9,72.3,,,,
Europe,Greece,1992,,,12.3,36.2,72.3,,,,
Europe,Greece,1993,,,12.3,36.4,71.7,,,,
Europe,Greece,1994,,,13.1,37.1,72.2,,,,
Europe,Greece,1995,,,13.3,38.0,72.2,38.4,,81.9,
Europe,Greece,1996,,,13.8,38.5,72.6,38.9,,82.3,
Europe,Greece,1997,,,14.2,39.1,71.9,39.2,,81.4,
Europe,Greece,1998,,,15.5,40.3,71.6,40.2,,80.6,
Europe,Greece,1999,,,13.6,40.7,70.9,40.8,,80.2,
Europe,Greece,2000,,,9.4,41.7,71.5,42.0,,80.3,
Europe,Greece,2001,,,8.5,41.6,71.3,42.0,,80.1,
Europe,Greece,2002,,,9.7,43.0,71.9,43.3,,80.8,
Europe,Greece,2003,,,10.1,44.3,72.8,44.7,,82.0,
Europe,Greece,2004,13.9,13.9,10.5,45.2,73.0,45.3,,81.9,
Europe,Greece,2005,16.7,16.7,11.4,46.0,73.4,45.9,,82.5,
Europe,Greece,2006,11.9,11.9,12.8,47.3,73.9,46.7,,82.7,
Europe,Greece,2007,11.6,11.6,13.3,47.7,74.2,46.8,,82.5,
Europe,Greece,2008,9.5,9.5,13.6,48.6,74.4,47.7,,82.6,
Europe,Greece,2009,9.6,9.6,14.4,48.9,73.0,48.0,,81.3,
Europe,Greece,2010,12.2,12.2,14.5,48.0,70.3,47.2,,77.8,
Europe,Greece,2011,10.7,10.7,14.0,45.0,65.4,44.3,,71.8,
Europe,Greece,2012,6.9,6.9,15.1,41.7,60.1,40.8,,66.1,
Europe,Greece,2013,11.3,11.3,15.6,39.9,57.9,38.9,,63.9,
Europe,Greece,2014,,11.3,16.2,41.1,58.0,40.1,,63.8,
Europe,Hungary,1992,,,,52.3,64.0,,,,
Europe,Hungary,1993,,,,49.3,60.0,,,,
Europe,Hungary,1994,,,,47.8,59.6,,,,
Europe,Hungary,1995,,,4.3,45.9,60.2,46.0,,64.3,
Europe,Hungary,1996,,,4.3,45.5,60.2,45.7,,64.4,
Europe,Hungary,1997,,,4.7,45.5,60.3,45.3,,64.3,
Europe,Hungary,1998,,,4.9,47.3,60.3,47.1,,63.6,
Europe,Hungary,1999,,,4.8,48.9,62.2,48.8,,66.0,
Europe,Hungary,2000,14.1,14.1,4.5,49.6,62.7,49.4,,66.6,
Europe,Hungary,2001,13.7,13.7,3.8,49.8,63.0,49.5,,65.9,
Europe,Hungary,2002,9.1,9.1,4.0,49.8,62.9,49.5,,65.7,
Europe,Hungary,2003,1.5,1.5,4.8,50.9,63.4,50.1,,66.3,
Europe,Hungary,2004,3.0,3.0,4.8,50.7,63.1,49.8,,65.4,
Europe,Hungary,2005,4.0,4.0,5.0,51.0,63.1,50.0,,65.0,
Europe,Hungary,2006,0.4,0.4,4.2,51.1,63.9,50.3,,65.8,
Europe,Hungary,2007,3.6,3.6,4.2,50.7,63.7,49.8,,65.3,
Europe,Hungary,2008,2.2,2.2,4.4,50.3,62.7,49.4,,64.0,
Europe,Hungary,2009,3.9,3.9,5.0,49.6,60.7,48.5,,61.6,
Europe,Hungary,2010,6.4,6.4,5.2,50.2,59.9,48.9,,60.6,
Europe,Hungary,2011,6.9,6.9,6.3,50.3,60.7,48.7,,60.9,
Europe,Hungary,2012,11.3,11.3,6.7,51.9,61.6,49.9,,62.0,
Europe,Hungary,2013,8.7,8.7,6.3,52.6,63.7,50.8,,64.2,
Europe,Hungary,2014,3.8,3.8,5.8,55.9,67.8,54.4,,68.6,
Europe,Iceland,1991,,,39.7,74.5,85.2,,,,
Europe,Iceland,1992,,,39.4,74.0,84.3,,,,
Europe,Iceland,1993,,,38.6,74.0,82.3,,,,
Europe,Iceland,1994,,,37.9,74.6,82.4,,,,
Europe,Iceland,1995,,,37.9,76.8,84.0,,,,
Europe,Iceland,1996,,,35.3,76.5,84.3,,,,
Europe,Iceland,1997,,,36.8,75.6,84.2,,,,
Europe,Iceland,1998,,,38.6,78.3,86.0,,,,
Europe,Iceland,1999,,,35.2,80.2,88.2,,,,
Europe,Iceland,2000,,,33.7,81.0,88.2,68.6,,108.7,
Europe,Iceland,2001,,,32.6,81.1,88.0,69.1,,106.1,
Europe,Iceland,2002,,,31.2,79.8,85.7,68.0,,101.5,
Europe,Iceland,2003,,,25.1,81.2,86.8,72.0,,101.6,
Europe,Iceland,2004,19.2,19.2,26.4,79.4,86.2,69.6,,100.0,
Europe,Iceland,2005,13.2,13.2,26.6,81.2,87.4,70.5,,103.1,
Europe,Iceland,2006,12.4,12.4,26.0,81.6,88.7,71.8,,104.5,
Europe,Iceland,2007,15.9,15.9,25.4,81.7,89.5,71.9,,105.2,
Europe,Iceland,2008,13.3,13.3,23.6,80.3,87.8,71.4,,101.0,
Europe,Iceland,2009,16.0,16.0,25.8,77.2,80.6,66.7,,88.3,
Europe,Iceland,2010,14.3,14.3,25.9,77.0,80.6,66.2,,87.6,
Europe,Iceland,2011,14.1,14.1,24.1,77.3,80.8,67.5,,89.1,
Europe,Iceland,2012,,14.1,23.7,78.5,81.9,68.6,,89.2,
Europe,Iceland,2013,14.5,14.5,24.6,79.9,83.7,69.8,,91.8,
Europe,Iceland,2014,,14.5,23.2,80.0,84.4,70.4,,92.5,
Asia,India,2010,,,,28.5,77.3,,,,
Asia,India,2012,,,,27.3,78.5,,,,
Asia,Indonesia,2006,,,,43.0,78.7,,,,
Asia,Indonesia,2007,,,,46.3,78.4,,,,
Asia,Indonesia,2008,,,,47.7,78.7,,,,
Asia,Indonesia,2009,,,,48.2,78.9,,,,
Asia,Indonesia,2010,,,,49.0,80.3,,,,
Asia,Indonesia,2011,,,,47.2,80.1,,,,
Asia,Indonesia,2012,,,,49.9,81.1,,,,
Asia,Indonesia,2013,,,,49.0,80.1,,,,
Europe,Ireland,1990,,,21.2,36.6,67.5,,,,
Europe,Ireland,1991,,,21.5,36.3,65.9,,,,
Europe,Ireland,1992,,,22.7,37.1,64.2,,,,
Europe,Ireland,1993,,,25.5,38.2,63.5,,,,
Europe,Ireland,1994,,,25.5,38.9,64.8,,,,
Europe,Ireland,1995,,,27.0,41.5,66.7,35.5,,75.3,
Europe,Ireland,1996,,,26.9,43.3,66.6,37.5,,75.2,
Europe,Ireland,1997,,,27.6,44.7,67.8,38.1,,75.0,
Europe,Ireland,1998,,,31.9,48.3,71.7,39.9,,77.2,
Europe,Ireland,1999,,,32.7,51.6,74.5,42.1,,78.7,
Europe,Ireland,2000,19.7,19.7,32.0,53.7,76.3,44.0,,80.3,
Europe,Ireland,2001,,19.7,32.6,54.6,76.7,44.3,,80.2,
Europe,Ireland,2002,,19.7,32.8,55.2,75.1,44.6,,78.1,
Europe,Ireland,2003,19.7,19.7,33.4,55.4,75.0,44.4,,77.2,
Europe,Ireland,2004,18.2,18.2,34.0,56.1,75.7,44.7,,77.8,
Europe,Ireland,2005,13.8,13.8,34.6,58.2,76.6,46.1,,78.5,
Europe,Ireland,2006,14.4,14.4,34.3,59.0,77.7,46.9,,78.6,
Europe,Ireland,2007,18.0,18.0,35.0,60.6,77.5,47.7,,78.4,
Europe,Ireland,2008,15.0,15.0,35.5,60.4,75.4,47.2,,75.7,
Europe,Ireland,2009,14.9,14.9,37.4,57.6,66.8,44.4,,65.8,
Europe,Ireland,2010,12.8,12.8,38.2,56.0,63.9,43.0,,62.5,
Europe,Ireland,2011,10.4,10.4,39.1,55.6,62.8,42.4,,61.3,
Europe,Ireland,2012,8.3,8.3,37.5,55.2,62.4,42.7,,60.8,
Europe,Ireland,2013,12.8,12.8,36.2,55.9,64.6,43.8,,63.2,
Europe,Ireland,2014,,12.8,35.4,56.4,66.3,44.4,,65.3,
Asia,Israel,1990,,,,45.6,70.1,,,,
Asia,Israel,1991,,,,45.2,70.2,,,,
Asia,Israel,1992,,,,46.3,69.4,,,,
Asia,Israel,1993,,,,48.5,71.5,,,,
Asia,Israel,1994,,,,51.4,73.9,,,,
Asia,Israel,1995,,,25.4,53.3,74.3,47.6,,88.2,
Asia,Israel,1996,,,24.3,53.8,73.1,48.4,,86.5,
Asia,Israel,1997,,,23.0,53.2,71.6,48.4,,84.8,
Asia,Israel,1998,,,24.5,53.1,69.8,47.4,,81.0,
Asia,Israel,1999,,,24.3,54.2,68.9,48.6,,80.0,
Asia,Israel,2000,,,24.1,55.5,68.9,50.0,,80.7,
Asia,Israel,2001,28.1,28.1,25.2,55.2,68.0,49.4,,79.1,
Asia,Israel,2002,24.5,24.5,25.0,54.3,66.0,48.4,,76.0,
Asia,Israel,2003,24.6,24.6,24.5,54.7,65.6,48.8,,75.5,
Asia,Israel,2004,25.5,25.5,24.2,55.2,66.8,49.5,,76.8,
Asia,Israel,2005,22.4,22.4,24.7,57.0,67.7,50.6,,77.8,
Asia,Israel,2006,22.0,22.0,24.4,57.7,68.7,51.4,,78.7,
Asia,Israel,2007,21.2,21.2,23.8,59.0,70.1,53.1,,80.9,
Asia,Israel,2008,22.0,22.0,23.1,60.1,71.0,54.0,,80.8,
Asia,Israel,2009,20.3,20.3,23.0,60.2,68.6,53.9,,77.1,
Asia,Israel,2010,20.7,20.7,21.7,61.0,69.5,55.2,,78.2,
Asia,Israel,2011,21.8,21.8,21.1,61.4,70.3,55.9,,78.8,
Asia,Israel,2012,,21.8,22.0,62.4,70.7,57.1,,79.3,
Asia,Israel,2013,,21.8,21.5,63.0,71.2,57.3,,79.1,
Asia,Israel,2014,,21.8,21.8,64.2,71.5,58.5,,78.8,
Europe,Italy,1990,,,18.4,36.2,69.2,,,,
Europe,Italy,1991,,,18.5,36.5,68.9,,,,
Europe,Italy,1992,,,19.8,36.5,68.3,,,,
Europe,Italy,1993,,,20.5,35.8,69.3,,,,
Europe,Italy,1994,,,20.6,35.4,67.8,,,,
Europe,Italy,1995,,,21.1,35.4,67.0,31.8,,69.2,
Europe,Italy,1996,,,20.9,36.0,66.9,32.5,,69.4,
Europe,Italy,1997,,,22.2,36.4,66.8,32.5,,69.1,
Europe,Italy,1998,,,22.4,37.3,67.1,33.2,,69.5,
Europe,Italy,1999,,,23.2,38.3,67.6,33.9,,69.8,
Europe,Italy,2000,7.4,7.4,22.5,39.6,68.2,35.2,,70.6,
Europe,Italy,2001,,7.4,22.6,41.1,68.7,36.5,,71.1,
Europe,Italy,2002,11.0,11.0,22.7,42.0,69.2,37.3,,71.6,
Europe,Italy,2003,,11.0,23.0,42.7,69.7,37.8,,72.2,
Europe,Italy,2004,6.7,6.7,28.7,45.5,69.8,38.8,,72.9,
Europe,Italy,2005,,6.7,28.8,45.4,69.7,38.6,,72.6,
Europe,Italy,2006,6.9,6.9,29.3,46.3,70.4,39.4,,73.1,
Europe,Italy,2007,,6.9,29.8,46.6,70.6,39.4,,73.3,
Europe,Italy,2008,11.8,11.8,30.5,47.9,71.3,40.3,,73.6,
Europe,Italy,2009,,11.8,30.5,47.0,69.6,39.4,,71.3,
Europe,Italy,2010,11.1,11.1,31.0,46.8,68.6,39.0,,70.0,
Europe,Italy,2011,,11.1,31.2,47.1,68.3,39.0,,69.2,
Europe,Italy,2012,11.1,11.1,32.2,47.7,67.4,39.1,,67.5,
Europe,Italy,2013,,11.1,32.8,47.2,65.7,38.6,,65.6,
Europe,Italy,2014,,11.1,32.9,47.5,65.7,38.8,,65.7,
Asia,Japan,1990,,,25.1,55.8,81.3,,,,
Asia,Japan,1991,,,25.7,56.6,81.6,,,,
Asia,Japan,1992,,,26.1,56.9,82.2,,,,
Asia,Japan,1993,,,26.4,56.6,82.3,,,,
Asia,Japan,1994,,,26.8,56.5,81.9,,,,
Asia,Japan,1995,,,26.2,56.4,81.9,,,,
Asia,Japan,1996,,,27.5,56.8,82.1,,,,
Asia,Japan,1997,,,28.8,57.6,82.4,,,,
Asia,Japan,1998,,,29.3,57.2,81.7,,,,
Asia,Japan,1999,,,29.8,56.7,81.0,,,,
Asia,Japan,2000,33.9,33.9,29.0,56.7,80.9,,,,
Asia,Japan,2001,33.9,33.9,30.8,57.0,80.5,,,,
Asia,Japan,2002,32.5,32.5,30.9,56.5,79.9,,,,
Asia,Japan,2003,32.0,32.0,31.4,56.8,79.8,,,,
Asia,Japan,2004,31.1,31.1,31.3,57.4,80.0,,,,
Asia,Japan,2005,32.8,32.8,31.7,58.1,80.4,,,,
Asia,Japan,2006,33.0,33.0,31.3,58.8,81.0,,,,
Asia,Japan,2007,31.7,31.7,32.6,59.5,81.7,,,,
Asia,Japan,2008,30.7,30.7,33.2,59.7,81.6,,,,
Asia,Japan,2009,28.3,28.3,33.8,59.8,80.2,,,,
Asia,Japan,2010,28.7,28.7,33.9,60.1,80.0,,,,
Asia,Japan,2011,27.4,27.4,34.8,60.3,80.2,,,,
Asia,Japan,2012,26.5,26.5,34.5,60.7,80.3,,,,
Asia,Japan,2013,26.6,26.6,36.2,62.5,80.8,,,,
Asia,Japan,2014,,26.6,37.2,63.6,81.5,,,,
Asia,Korea,1990,,,6.5,49.0,73.9,,,,
Asia,Korea,1991,,,6.7,48.8,75.0,,,,
Asia,Korea,1992,,,7.3,48.7,75.5,,,,
Asia,Korea,1993,,,6.9,48.8,75.2,,,,
Asia,Korea,1994,,,6.8,49.8,76.3,,,,
Asia,Korea,1995,,,6.6,50.5,76.8,63.6,,104.7,
Asia,Korea,1996,,,6.8,51.1,76.7,64.2,,104.0,
Asia,Korea,1997,,,7.7,51.6,76.2,64.0,,101.7,
Asia,Korea,1998,,,9.2,47.3,71.3,57.8,,92.8,
Asia,Korea,1999,,,10.4,48.1,71.3,58.7,,93.6,
Asia,Korea,2000,41.7,41.7,9.8,50.0,73.1,61.0,,96.3,
Asia,Korea,2001,40.4,40.4,10.4,50.9,73.5,61.7,,96.9,
Asia,Korea,2002,41.0,41.0,10.6,52.0,74.9,62.2,,97.5,
Asia,Korea,2003,40.1,40.1,11.2,51.1,75.0,60.4,,96.5,
Asia,Korea,2004,39.6,39.6,11.9,52.2,75.2,61.1,,96.1,
Asia,Korea,2005,39.6,39.6,12.5,52.5,75.0,61.0,,94.5,
Asia,Korea,2006,39.8,39.8,12.3,53.1,74.6,61.3,,93.7,
Asia,Korea,2007,38.2,38.2,12.5,53.2,74.7,60.4,,92.1,
Asia,Korea,2008,39.0,39.0,13.2,53.2,74.4,58.9,,89.9,
Asia,Korea,2009,38.6,38.6,14.2,52.2,73.6,57.4,,89.0,
Asia,Korea,2010,39.6,39.6,15.5,52.6,73.9,56.5,,88.5,
Asia,Korea,2011,36.6,36.6,18.5,53.1,74.5,55.4,,87.0,
Asia,Korea,2012,36.3,36.3,15.0,53.5,74.9,56.6,,88.8,
Asia,Korea,2013,36.6,36.6,16.2,53.9,74.9,55.2,,85.7,
Asia,Korea,2014,36.7,36.7,15.6,54.9,75.7,57.0,,88.4,
Europe,Latvia,2000,,,11.4,53.8,61.1,54.7,,65.7,
Europe,Latvia,2001,,,10.7,55.0,61.8,56.5,,67.7,
Europe,Latvia,2002,19.2,19.2,11.5,56.2,64.1,56.7,,70.1,
Europe,Latvia,2003,,19.2,10.6,56.8,65.1,57.2,,70.9,
Europe,Latvia,2004,,19.2,11.2,57.2,65.3,56.1,,69.7,
Europe,Latvia,2005,,19.2,9.4,58.2,66.4,57.5,,71.0,
Europe,Latvia,2006,8.1,8.1,7.3,61.8,70.4,61.6,,75.5,
Europe,Latvia,2007,,8.1,7.4,63.9,72.7,63.2,,76.1,
Europe,Latvia,2008,,8.1,8.2,65.2,71.5,63.5,,73.6,
Europe,Latvia,2009,,8.1,9.0,60.4,60.3,58.3,,60.7,
Europe,Latvia,2010,13.3,13.3,10.0,59.0,57.9,56.3,,57.3,
Europe,Latvia,2011,,13.3,9.8,60.2,61.5,57.3,,60.9,
Europe,Latvia,2012,,13.3,10.7,61.7,64.4,58.5,,63.6,
Europe,Latvia,2013,,13.3,9.9,63.4,66.8,60.4,,66.2,
Europe,Latvia,2014,,13.3,9.0,64.3,68.4,61.6,,68.1,
Europe,Lithuania,2000,,13.3,14.5,57.5,60.1,53.7,,58.6,
Europe,Lithuania,2001,,13.3,15.7,56.0,58.8,51.4,,57.5,
Europe,Lithuania,2002,13.1,13.1,15.8,57.2,62.7,52.3,,60.4,
Europe,Lithuania,2003,,13.1,15.2,58.4,64.0,53.6,,62.4,
Europe,Lithuania,2004,,13.1,13.5,58.3,65.2,53.9,,63.8,
Europe,Lithuania,2005,,13.1,12.8,59.6,66.4,55.5,,65.6,
Europe,Lithuania,2006,14.2,14.2,10.5,61.0,66.4,57.5,,65.4,
Europe,Lithuania,2007,,14.2,9.5,62.0,68.2,58.8,,67.4,
Europe,Lithuania,2008,,14.2,7.7,61.8,67.2,59.3,,67.1,
Europe,Lithuania,2009,,14.2,8.8,60.4,59.3,57.4,,58.3,
Europe,Lithuania,2010,7.0,7.0,9.5,58.5,56.5,55.4,,55.1,
Europe,Lithuania,2011,,7.0,10.6,60.2,60.1,56.5,,58.3,
Europe,Lithuania,2012,,7.0,11.5,61.8,62.2,57.7,,60.4,
Europe,Lithuania,2013,,7.0,11.0,62.8,64.7,58.8,,62.9,
Europe,Lithuania,2014,,7.0,11.0,64.9,66.5,60.7,,64.5,
Europe,Luxembourg,1990,,,19.1,41.4,76.4,,,,
Europe,Luxembourg,1991,,,22.2,43.6,77.4,,,,
Europe,Luxembourg,1992,,,22.0,46.2,76.3,,,,
Europe,Luxembourg,1993,,,23.8,44.8,76.6,,,,
Europe,Luxembourg,1994,,,25.7,44.9,74.9,,,,
Europe,Luxembourg,1995,,,28.4,42.2,74.3,36.8,,78.1,
Europe,Luxembourg,1996,,,24.8,43.6,74.4,38.2,,77.1,
Europe,Luxembourg,1997,,,26.2,45.4,74.3,39.4,,76.2,
Europe,Luxembourg,1998,,,29.2,45.6,74.6,38.6,,76.8,
Europe,Luxembourg,1999,,,28.4,48.5,74.4,41.5,,76.9,
Europe,Luxembourg,2000,,,28.9,50.0,75.0,42.5,,77.7,
Europe,Luxembourg,2001,,,29.9,50.8,74.9,42.7,,77.2,
Europe,Luxembourg,2002,15.5,15.5,27.7,51.5,75.5,43.5,,77.1,
Europe,Luxembourg,2003,,15.5,30.2,50.9,73.3,42.9,,75.3,
Europe,Luxembourg,2004,,15.5,29.6,51.9,72.8,43.3,,74.1,
Europe,Luxembourg,2005,,15.5,30.7,53.7,73.3,44.5,,74.5,
Europe,Luxembourg,2006,,15.5,27.2,54.6,72.6,45.8,,72.8,
Europe,Luxembourg,2007,,15.5,27.6,56.1,72.3,46.4,,71.6,
Europe,Luxembourg,2008,,15.5,28.9,55.1,71.5,45.3,,70.8,
Europe,Luxembourg,2009,,15.5,31.1,57.0,73.2,46.6,,74.1,
Europe,Luxembourg,2010,6.5,6.5,30.4,57.2,73.1,46.9,,74.0,
Europe,Luxembourg,2011,,6.5,30.2,56.9,72.1,47.0,,72.3,
Europe,Luxembourg,2012,,6.5,28.1,59.0,72.5,49.3,,72.8,
Europe,Luxembourg,2013,,6.5,27.7,59.1,72.1,49.5,,72.2,
Europe,Luxembourg,2014,,6.5,27.7,60.5,72.6,51.1,,73.1,
North America,Mexico,1991,,6.5,,34.2,84.1,,,,
North America,Mexico,1992,,,,35.1,84.2,,,,
North America,Mexico,1993,,,,36.0,84.3,,,,
North America,Mexico,1994,,,,36.2,82.9,,,,
North America,Mexico,1995,,,31.1,36.0,79.9,33.7,,94.3,
North America,Mexico,1996,,,28.5,36.8,81.4,34.7,,96.9,
North America,Mexico,1997,,,29.3,39.1,83.7,37.0,,100.6,
North America,Mexico,1998,,,28.3,39.3,83.5,37.1,,98.5,
North America,Mexico,1999,,,26.6,39.1,83.7,37.4,,99.1,
North America,Mexico,2000,,16.7,25.6,39.6,82.8,38.2,,98.1,
North America,Mexico,2001,,16.7,25.7,39.0,82.3,37.4,,96.3,
North America,Mexico,2002,,16.7,25.6,39.5,81.6,37.7,,94.9,
North America,Mexico,2003,,16.7,25.7,39.1,80.8,37.3,,94.1,
North America,Mexico,2004,,16.7,27.6,40.9,81.0,38.6,,94.8,
North America,Mexico,2005,16.7,16.7,27.9,41.6,80.2,38.4,,85.6,
North America,Mexico,2006,18.6,18.6,27.7,42.9,81.6,39.5,,87.2,
North America,Mexico,2007,12.5,12.5,28.1,43.6,80.9,40.2,,86.1,
North America,Mexico,2008,22.2,22.2,27.6,44.1,80.7,40.8,,85.8,
North America,Mexico,2009,16.7,16.7,27.8,43.0,77.7,39.7,,82.2,
North America,Mexico,2010,11.6,11.6,28.8,43.8,78.5,41.5,,90.8,
North America,Mexico,2011,10.0,10.0,27.7,43.4,77.8,41.5,,90.0,
North America,Mexico,2012,13.6,13.6,28.7,45.3,78.9,42.9,,90.6,
North America,Mexico,2013,15.4,15.4,28.4,45.3,78.3,43.0,,90.4,
North America,Mexico,2014,18.3,18.3,27.9,44.5,77.9,42.1,,89.4,
Europe,Netherlands,1990,,,52.5,47.5,75.7,,,,
Europe,Netherlands,1991,,,52.6,49.3,76.0,,,,
Europe,Netherlands,1992,,,52.3,51.0,76.3,,,,
Europe,Netherlands,1993,,,53.3,52.0,75.2,,,,
Europe,Netherlands,1994,,,54.5,52.6,74.9,,,,
Europe,Netherlands,1995,,,55.1,53.9,76.0,34.0,,72.3,
Europe,Netherlands,1996,,,55.5,54.9,76.8,34.7,,73.1,
Europe,Netherlands,1997,,,54.9,57.4,78.1,36.5,,74.1,
Europe,Netherlands,1998,,,54.8,59.1,79.6,37.2,,74.3,
Europe,Netherlands,1999,,,55.4,61.1,80.3,38.4,,75.2,
Europe,Netherlands,2000,,,57.3,62.7,81.2,38.7,,75.3,
Europe,Netherlands,2001,,,57.5,63.4,81.6,39.2,,75.2,
Europe,Netherlands,2002,18.7,18.7,59.1,64.5,81.4,39.3,,74.1,
Europe,Netherlands,2003,,18.7,59.5,63.5,79.5,38.5,,71.9,
Europe,Netherlands,2004,,18.7,60.2,63.5,78.6,38.4,,71.0,
Europe,Netherlands,2005,,18.7,60.7,64.1,78.7,38.5,,71.1,
Europe,Netherlands,2006,18.3,18.3,59.8,65.4,79.5,39.8,,71.9,
Europe,Netherlands,2007,,18.3,59.9,67.5,81.1,41.1,,73.1,
Europe,Netherlands,2008,,18.3,59.8,69.3,82.4,42.5,,74.1,
Europe,Netherlands,2009,,18.3,59.9,69.6,81.5,42.7,,72.7,
Europe,Netherlands,2010,20.5,20.5,60.6,69.4,80.0,42.5,,71.7,
Europe,Netherlands,2011,,20.5,60.5,69.9,79.8,42.9,,71.2,
Europe,Netherlands,2012,,20.5,60.7,70.4,79.7,43.2,,70.4,
Europe,Netherlands,2013,,20.5,61.1,69.9,78.7,42.7,,68.5,
Europe,Netherlands,2014,,20.5,60.6,68.1,78.1,41.8,,68.1,
Oceania,New Zealand,1990,,,34.8,58.2,76.2,,,,
Oceania,New Zealand,1991,,,35.1,57.2,73.5,,,,
Oceania,New Zealand,1992,,,35.2,57.1,72.9,,,,
Oceania,New Zealand,1993,,,35.2,57.6,73.8,,,,
Oceania,New Zealand,1994,,,36.0,59.5,75.7,,,,
Oceania,New Zealand,1995,,,35.3,61.3,78.2,49.6,,85.9,
Oceania,New Zealand,1996,,,36.7,62.9,78.5,50.5,,86.6,
Oceania,New Zealand,1997,,,37.0,62.3,78.1,49.8,,85.5,
Oceania,New Zealand,1998,,,37.5,61.6,76.7,49.1,,83.8,
Oceania,New Zealand,1999,,,37.0,62.5,76.8,50.3,,84.0,
Oceania,New Zealand,2000,7.1,7.1,35.7,63.1,77.8,51.2,,85.1,
Oceania,New Zealand,2001,8.1,8.1,35.9,64.4,78.6,52.1,,85.3,
Oceania,New Zealand,2002,7.5,7.5,35.9,65.0,79.5,52.6,,85.9,
Oceania,New Zealand,2003,7.4,7.4,35.5,65.4,79.2,53.1,,85.5,
Oceania,New Zealand,2004,7.6,7.6,35.2,66.0,80.6,53.3,,86.6,
Oceania,New Zealand,2005,9.6,9.6,35.1,67.4,81.3,54.6,,87.5,
Oceania,New Zealand,2006,9.3,9.3,34.3,68.0,81.9,55.3,,87.5,
Oceania,New Zealand,2007,7.0,7.0,34.5,68.6,82.0,55.6,,86.9,
Oceania,New Zealand,2008,7.8,7.8,34.4,68.6,80.9,55.7,,85.4,
Oceania,New Zealand,2009,7.8,7.8,34.3,67.3,78.6,54.5,,82.1,
Oceania,New Zealand,2010,6.8,6.8,33.7,66.5,78.2,53.9,,81.9,
Oceania,New Zealand,2011,4.2,4.2,34.4,67.1,78.3,54.1,,82.1,
Oceania,New Zealand,2012,6.2,6.2,35.0,66.8,77.4,53.7,,80.9,
Oceania,New Zealand,2013,5.6,5.6,33.5,67.7,78.3,55.3,,81.8,
Oceania,New Zealand,2014,,5.6,32.7,69.1,79.7,56.6,,82.9,
Europe,Norway,1990,,,39.8,67.2,78.6,,,,
Europe,Norway,1991,,,39.6,67.0,77.1,,,,
Europe,Norway,1992,,,39.1,66.7,76.4,,,,
Europe,Norway,1993,,,38.7,66.6,75.8,,,,
Europe,Norway,1994,,,37.7,67.5,76.8,,,,
Europe,Norway,1995,,,37.5,68.8,78.1,,,,
Europe,Norway,1996,,,37.5,70.4,80.0,52.9,,77.0,
Europe,Norway,1997,,,36.5,72.2,81.7,54.4,,78.6,
Europe,Norway,1998,,,35.9,73.6,82.8,55.7,,79.5,
Europe,Norway,1999,,,35.0,73.8,82.1,56.0,,78.2,
Europe,Norway,2000,10.2,10.2,33.4,74.0,81.7,56.8,,77.3,
Europe,Norway,2001,10.7,10.7,32.7,73.8,81.0,56.7,,76.5,
Europe,Norway,2002,10.7,10.7,33.4,73.9,80.2,56.6,,75.8,
Europe,Norway,2003,10.2,10.2,33.4,72.7,78.7,55.9,,73.8,
Europe,Norway,2004,9.7,9.7,33.2,72.7,78.4,55.5,,73.0,
Europe,Norway,2005,9.4,9.4,32.9,72.0,78.3,55.3,,73.1,
Europe,Norway,2006,9.2,9.2,32.9,72.3,78.6,55.3,,73.6,
Europe,Norway,2007,9.8,9.8,31.6,74.0,79.7,57.1,,74.3,
Europe,Norway,2008,9.2,9.2,30.8,75.4,80.6,58.6,,74.8,
Europe,Norway,2009,8.7,8.7,30.4,74.4,78.4,57.9,,72.5,
Europe,Norway,2010,8.1,8.1,29.8,73.3,77.4,56.9,,71.2,
Europe,Norway,2011,7.8,7.8,30.0,73.4,77.2,57.1,,71.1,
Europe,Norway,2012,6.4,6.4,29.1,73.8,77.7,58.0,,71.5,
Europe,Norway,2013,7.0,7.0,28.8,73.5,77.4,57.7,,71.1,
Europe,Norway,2014,6.3,6.3,27.7,73.4,77.1,58.0,,71.3,
OECD,OECD - Average,1990,,,24.9,53.8,76.6,,,,
OECD,OECD - Average,1991,,,25.4,53.8,75.8,,,,
OECD,OECD - Average,1992,,,25.8,53.6,74.5,,,,
OECD,OECD - Average,1993,,,26.0,52.8,73.3,,,,
OECD,OECD - Average,1994,,,26.2,53.1,73.2,,,,
OECD,OECD - Average,1995,,,26.1,53.6,73.6,,,,
OECD,OECD - Average,1996,,,26.1,54.1,73.7,46.1,,78.7,
OECD,OECD - Average,1997,,,26.5,54.6,74.0,46.7,,78.7,
OECD,OECD - Average,1998,,,27.1,55.4,74.3,46.8,,78.4,
OECD,OECD - Average,1999,,,27.3,56.4,74.6,47.6,,78.3,
OECD,OECD - Average,2000,,,26.8,57.1,74.9,48.4,,78.6,
OECD,OECD - Average,2001,,,26.5,57.5,74.8,48.6,,78.2,
OECD,OECD - Average,2002,,,26.7,57.8,74.3,48.8,,77.4,
OECD,OECD - Average,2003,,,27.0,57.9,74.0,48.7,,76.8,
OECD,OECD - Average,2004,,,27.5,58.3,74.0,48.8,,76.9,
OECD,OECD - Average,2005,,,27.6,59.0,74.4,49.3,,76.8,
OECD,OECD - Average,2006,,,27.6,59.9,75.2,50.0,,77.3,
OECD,OECD - Average,2007,,,27.8,60.6,75.6,50.7,,77.5,
OECD,OECD - Average,2008,,,27.9,61.1,75.6,51.2,,77.1,
OECD,OECD - Average,2009,,,28.6,60.3,72.8,50.4,,74.4,
OECD,OECD - Average,2010,,,28.6,60.0,72.3,50.2,,73.9,
OECD,OECD - Average,2011,,,28.9,60.2,72.6,50.1,,73.4,
OECD,OECD - Average,2012,,,28.7,60.5,72.3,50.3,,72.9,
OECD,OECD - Average,2013,,,28.6,60.8,72.3,50.4,,72.5,
OECD,OECD - Average,2014,,,28.2,61.5,73.0,51.2,,73.1,
Europe,Poland,1992,,,,53.1,66.9,,,,
Europe,Poland,1993,,,,52.1,65.9,,,,
Europe,Poland,1994,,,,51.9,64.9,,,,
Europe,Poland,1995,,,,51.8,64.7,,,,
Europe,Poland,1996,,,,51.8,65.2,,,,
Europe,Poland,1997,,,16.6,51.8,66.1,50.2,,71.7,
Europe,Poland,1998,,,16.6,52.2,66.3,50.1,,71.3,
Europe,Poland,1999,,,19.2,51.6,63.6,48.6,,67.0,
Europe,Poland,2000,15.9,15.9,17.9,48.9,61.2,46.5,,65.3,
Europe,Poland,2001,14.3,14.3,16.6,47.8,59.2,45.9,,63.9,
Europe,Poland,2002,11.3,11.3,16.7,46.4,57.0,44.5,,61.7,
Europe,Poland,2003,11.0,11.0,16.8,46.2,56.7,44.2,,61.5,
Europe,Poland,2004,10.6,10.6,17.5,46.4,57.4,44.2,,62.1,
Europe,Poland,2005,11.0,11.0,17.4,47.0,59.0,44.7,,63.9,
Europe,Poland,2006,11.4,11.4,16.3,48.2,60.9,45.9,,65.7,
Europe,Poland,2007,12.2,12.2,15.0,50.6,63.6,48.5,,68.7,
Europe,Poland,2008,13.0,13.0,14.1,52.4,66.3,50.3,,71.4,
Europe,Poland,2009,10.1,10.1,13.1,52.8,66.1,50.5,,70.6,
Europe,Poland,2010,7.2,7.2,13.1,52.6,65.3,50.2,,69.5,
Europe,Poland,2011,8.9,8.9,12.5,52.7,66.0,50.3,,70.0,
Europe,Poland,2012,10.6,10.6,12.2,53.1,66.3,51.0,,70.5,
Europe,Poland,2013,,10.6,11.8,53.4,66.6,51.3,,70.9,
Europe,Poland,2014,,10.6,10.7,55.2,68.2,53.2,,72.5,
Europe,Portugal,1990,,,12.8,53.9,78.0,,,,
Europe,Portugal,1991,,,14.5,56.5,78.5,,,,
Europe,Portugal,1992,,,14.6,55.5,76.0,,,,
Europe,Portugal,1993,,,14.4,54.7,73.5,,,,
Europe,Portugal,1994,,,15.2,54.1,71.7,,,,
Europe,Portugal,1995,,,14.5,54.0,70.4,53.1,,78.7,
Europe,Portugal,1996,,,15.1,54.3,70.4,53.4,,78.2,
Europe,Portugal,1997,,,16.5,55.8,71.5,53.6,,77.9,
Europe,Portugal,1998,,,15.8,58.2,75.6,55.1,,80.6,
Europe,Portugal,1999,,,14.7,59.5,75.6,56.0,,79.4,
Europe,Portugal,2000,,,14.7,60.5,76.3,56.7,,79.1,
Europe,Portugal,2001,,,14.3,61.3,76.7,57.2,,79.0,
Europe,Portugal,2002,,,14.5,61.4,76.3,57.2,,78.8,
Europe,Portugal,2003,,,14.7,61.3,74.7,56.7,,76.5,
Europe,Portugal,2004,13.0,13.0,14.3,61.5,73.9,56.8,,75.7,
Europe,Portugal,2005,16.0,16.0,14.1,61.6,73.3,57.0,,75.1,
Europe,Portugal,2006,14.4,14.4,13.5,61.8,73.7,57.4,,75.0,
Europe,Portugal,2007,15.3,15.3,14.4,61.8,73.6,57.2,,74.8,
Europe,Portugal,2008,15.6,15.6,14.5,62.5,73.8,57.7,,75.2,
Europe,Portugal,2009,13.8,13.8,14.0,61.5,70.9,56.7,,72.1,
Europe,Portugal,2010,13.5,13.5,13.2,61.0,69.7,56.6,,70.6,
Europe,Portugal,2011,15.2,15.2,14.5,60.1,67.7,56.0,,69.0,
Europe,Portugal,2012,16.3,16.3,14.9,58.5,64.5,54.7,,65.6,
Europe,Portugal,2013,16.7,16.7,14.1,57.9,63.5,54.6,,64.9,
Europe,Portugal,2014,,16.7,12.9,59.6,65.8,57.1,,67.5,
Europe,Russia,1992,,,7.6,66.7,77.3,,,,
Europe,Russia,1993,,,6.3,64.2,75.0,,,,
Europe,Russia,1994,,,7.1,60.7,71.3,,,,
Europe,Russia,1995,,,7.2,59.4,69.9,,,,
Europe,Russia,1996,,,6.8,58.5,68.6,,,,
Europe,Russia,1997,,,6.8,55.8,65.3,,,,
Europe,Russia,1998,,,7.2,54.0,63.1,,,,
Europe,Russia,1999,,,11.2,57.5,65.9,,,,
Europe,Russia,2000,,,10.0,59.3,67.6,,,,
Europe,Russia,2001,,,7.3,59.3,67.4,,,,
Europe,Russia,2002,,,5.3,61.0,68.3,,,,
Europe,Russia,2003,,,7.3,60.7,67.7,,,,
Europe,Russia,2004,,,7.2,62.3,69.0,,,,
Europe,Russia,2005,,,7.4,63.1,69.8,,,,
Europe,Russia,2006,,,6.9,63.9,70.0,,,,
Europe,Russia,2007,,,6.6,65.3,72.0,,,,
Europe,Russia,2008,,,6.5,64.7,72.8,,,,
Europe,Russia,2009,,,6.2,63.4,70.6,,,,
Europe,Russia,2010,,,5.6,63.3,71.6,,,,
Europe,Russia,2011,,,5.4,64.0,72.4,,,,
Europe,Russia,2012,,,5.4,64.7,73.6,,,,
Europe,Russia,2013,,,5.8,64.4,73.6,,,,
Europe,Russia,2014,,,5.3,64.8,74.3,,,,
Europe,Slovak Republic,1994,,,4.4,52.6,67.2,,,,
Europe,Slovak Republic,1995,,,3.8,53.0,67.6,54.6,,74.0,
Europe,Slovak Republic,1996,,,3.5,54.6,69.2,56.2,,75.7,
Europe,Slovak Republic,1997,,,3.2,54.0,68.4,56.0,,75.0,
Europe,Slovak Republic,1998,,,3.2,53.5,67.8,55.4,,74.4,
Europe,Slovak Republic,1999,,,2.9,52.1,64.3,54.1,,70.0,
Europe,Slovak Republic,2000,,,2.9,51.5,62.2,53.4,,67.5,
Europe,Slovak Republic,2001,,,2.8,51.8,62.1,53.4,,66.8,
Europe,Slovak Republic,2002,20.4,20.4,2.3,51.4,62.5,52.3,,65.8,
Europe,Slovak Republic,2003,20.7,20.7,3.3,52.2,63.4,51.5,,65.5,
Europe,Slovak Republic,2004,20.9,20.9,4.0,50.9,63.2,50.1,,65.7,
Europe,Slovak Republic,2005,20.1,20.1,3.7,50.9,64.6,50.4,,67.7,
Europe,Slovak Republic,2006,17.8,17.8,3.8,51.9,67.0,51.5,,70.3,
Europe,Slovak Republic,2007,17.5,17.5,4.0,53.0,68.4,52.4,,72.1,
Europe,Slovak Republic,2008,16.4,16.4,4.0,54.6,70.0,54.0,,73.5,
Europe,Slovak Republic,2009,16.4,16.4,4.0,52.8,67.6,52.2,,70.4,
Europe,Slovak Republic,2010,14.9,14.9,4.8,52.3,65.2,51.6,,67.6,
Europe,Slovak Republic,2011,15.5,15.5,5.6,52.5,66.1,51.6,,68.7,
Europe,Slovak Republic,2012,16.0,16.0,5.1,52.7,66.7,52.1,,69.5,
Europe,Slovak Republic,2013,14.1,14.1,5.6,53.4,66.4,52.5,,69.2,
Europe,Slovak Republic,2014,14.4,14.4,6.4,54.3,67.6,53.2,,70.1,
Europe,Slovenia,2000,,,6.1,58.4,67.2,59.3,,71.3,
Europe,Slovenia,2001,,,5.9,58.8,68.6,60.0,,73.1,
Europe,Slovenia,2002,,,6.1,58.6,68.2,59.1,,72.3,
Europe,Slovenia,2003,,,6.1,57.6,67.4,57.6,,70.8,
Europe,Slovenia,2004,,,8.9,60.5,70.0,59.7,,72.9,
Europe,Slovenia,2005,,,9.3,61.3,70.4,60.4,,73.6,
Europe,Slovenia,2006,,,9.8,61.8,71.1,60.4,,73.6,
Europe,Slovenia,2007,,,9.7,62.6,72.7,61.3,,75.1,
Europe,Slovenia,2008,,,9.6,64.2,72.7,62.9,,75.5,
Europe,Slovenia,2009,,,10.4,63.8,71.0,61.6,,72.5,
Europe,Slovenia,2010,11.6,,12.1,62.6,69.6,59.6,,70.4,
Europe,Slovenia,2011,,,10.9,60.9,67.7,58.3,,68.5,
Europe,Slovenia,2012,,,10.3,60.5,67.4,58.3,,68.8,
Europe,Slovenia,2013,,,11.2,59.2,67.1,56.7,,68.1,
Europe,Slovenia,2014,,,12.5,60.0,67.5,57.1,,68.1,
Africa,South Africa,2001,,,,38.1,50.7,,,,
Africa,South Africa,2002,,,,36.1,50.4,,,,
Africa,South Africa,2003,,,,34.8,49.0,,,,
Africa,South Africa,2004,,,,34.4,49.5,,,,
Africa,South Africa,2005,,,,36.2,51.4,,,,
Africa,South Africa,2006,,,,37.8,52.8,,,,
Africa,South Africa,2007,,,,37.4,52.2,,,,
Africa,South Africa,2008,,,12.0,38.4,53.8,41.2,,63.7,
Africa,South Africa,2009,,,12.2,37.3,50.8,39.4,,59.1,
Africa,South Africa,2010,,,11.5,35.3,48.7,37.2,,56.4,
Africa,South Africa,2011,,,10.7,35.6,48.5,37.7,,56.1,
Africa,South Africa,2012,,,11.7,36.0,48.7,37.6,,56.2,
Africa,South Africa,2013,,,12.2,36.9,48.7,38.4,,55.9,
Africa,South Africa,2014,,,11.9,36.9,48.9,38.2,,55.8,
Europe,Spain,1990,,,11.5,31.8,71.9,,,,
Europe,Spain,1991,,,10.8,32.5,71.3,,,,
Europe,Spain,1992,,,12.8,32.5,68.5,,,,
Europe,Spain,1993,,,13.9,31.5,64.4,,,,
Europe,Spain,1994,,,14.3,31.5,63.3,,,,
Europe,Spain,1995,,,15.8,32.5,64.0,30.3,,67.5,
Europe,Spain,1996,,,16.2,33.8,64.7,31.3,,68.0,
Europe,Spain,1997,,,16.8,35.2,66.1,32.5,,69.7,
Europe,Spain,1998,,,16.5,36.5,68.3,33.7,,72.2,
Europe,Spain,1999,,,16.8,39.1,70.8,35.9,,74.6,
Europe,Spain,2000,,,16.1,42.0,72.7,38.7,,76.5,
Europe,Spain,2001,,,16.2,43.8,73.8,40.2,,77.5,
Europe,Spain,2002,,,15.9,45.8,73.8,42.2,,77.1,
Europe,Spain,2003,,,16.1,47.7,74.4,43.6,,77.5,
Europe,Spain,2004,12.6,12.6,16.9,49.6,74.8,45.3,,77.8,
Europe,Spain,2005,12.5,12.5,21.0,52.5,76.3,46.8,,80.2,
Europe,Spain,2006,10.4,10.4,20.4,54.5,77.2,48.7,,81.1,
Europe,Spain,2007,8.9,8.9,20.1,56.0,77.3,50.0,,80.9,
Europe,Spain,2008,11.8,11.8,20.4,56.2,74.4,50.0,,77.8,
Europe,Spain,2009,7.3,7.3,20.7,54.0,67.5,47.9,,70.0,
Europe,Spain,2010,6.6,6.6,21.2,53.5,65.7,47.3,,67.9,
Europe,Spain,2011,8.3,8.3,21.4,53.3,64.2,47.0,,65.9,
Europe,Spain,2012,8.6,8.6,22.4,51.8,61.1,45.3,,62.5,
Europe,Spain,2013,,8.6,23.4,51.0,60.1,44.3,,61.2,
Europe,Spain,2014,,8.6,23.6,52.0,61.6,44.9,,62.7,
Europe,Sweden,1990,,,24.5,81.0,85.2,,,,
Europe,Sweden,1991,,,24.3,79.3,82.7,,,,
Europe,Sweden,1992,,,24.4,76.2,78.2,,,,
Europe,Sweden,1993,,,24.6,72.1,73.1,,,,
Europe,Sweden,1994,,,24.9,70.7,72.2,,,,
Europe,Sweden,1995,,,24.1,70.9,73.5,,,,
Europe,Sweden,1996,,,23.5,69.9,73.2,,,,
Europe,Sweden,1997,,,22.6,68.9,72.4,,,,
Europe,Sweden,1998,,,22.0,69.4,73.6,,,,
Europe,Sweden,1999,,,22.3,70.9,74.8,,,,
Europe,Sweden,2000,15.5,15.5,21.4,72.2,76.3,,,,
Europe,Sweden,2001,16.6,16.6,21.0,73.5,77.2,,,,
Europe,Sweden,2002,15.9,15.9,20.6,73.4,76.9,63.0,,75.5,
Europe,Sweden,2003,16.0,16.0,20.6,72.8,76.0,62.4,,74.2,
Europe,Sweden,2004,15.3,15.3,20.8,71.8,75.5,61.4,,73.5,
Europe,Sweden,2005,14.4,14.4,19.0,71.8,76.2,61.4,,74.5,
Europe,Sweden,2006,14.6,14.6,19.0,72.1,77.1,61.6,,75.3,
Europe,Sweden,2007,16.4,16.4,19.7,71.8,76.5,61.0,,74.0,
Europe,Sweden,2008,15.4,15.4,19.6,71.9,76.7,61.0,,74.0,
Europe,Sweden,2009,14.9,14.9,19.8,70.2,74.2,59.6,,71.2,
Europe,Sweden,2010,14.3,14.3,19.4,69.7,74.5,59.3,,71.5,
Europe,Sweden,2011,15.9,15.9,19.0,71.3,75.8,60.8,,72.6,
Europe,Sweden,2012,15.1,15.1,18.6,71.8,75.6,61.5,,72.4,
Europe,Sweden,2013,,15.1,18.4,72.5,76.3,62.2,,72.8,
Europe,Sweden,2014,,15.1,18.3,73.2,76.6,62.9,,72.9,
Europe,Switzerland,1991,,,43.0,66.4,90.0,,,,
Europe,Switzerland,1992,,,44.6,67.0,88.9,,,,
Europe,Switzerland,1993,,,46.1,66.5,88.2,,,,
Europe,Switzerland,1994,,,45.8,65.6,86.6,,,,
Europe,Switzerland,1995,,,45.9,66.0,87.4,47.6,,91.6,
Europe,Switzerland,1996,,,46.4,67.2,86.8,48.4,,90.1,
Europe,Switzerland,1997,,,45.7,67.8,85.9,49.0,,90.1,
Europe,Switzerland,1998,,,45.9,68.8,87.2,49.8,,91.0,
Europe,Switzerland,1999,,,46.5,69.6,87.2,49.9,,90.9,
Europe,Switzerland,2000,22.2,22.2,44.7,69.3,87.3,50.5,,89.9,
Europe,Switzerland,2001,,22.2,44.7,70.6,87.6,51.3,,90.4,
Europe,Switzerland,2002,21.2,21.2,45.4,71.5,86.2,52.0,,89.0,
Europe,Switzerland,2003,,21.2,45.8,70.7,85.1,50.9,,87.3,
Europe,Switzerland,2004,20.1,20.1,45.2,70.3,84.4,50.9,,86.6,
Europe,Switzerland,2005,,20.1,45.7,70.4,83.9,51.1,,86.2,
Europe,Switzerland,2006,19.3,19.3,45.7,71.1,84.7,51.5,,86.3,
Europe,Switzerland,2007,,19.3,45.6,71.6,85.6,52.0,,87.5,
Europe,Switzerland,2008,19.5,19.5,45.9,73.5,85.4,53.2,,87.1,
Europe,Switzerland,2009,,19.5,46.7,73.6,84.4,52.8,,85.7,
Europe,Switzerland,2010,18.5,18.5,46.1,72.5,84.6,52.5,,85.4,
Europe,Switzerland,2011,,18.5,45.5,73.3,85.4,53.3,,86.2,
Europe,Switzerland,2012,16.5,16.5,45.6,73.6,85.2,53.6,,85.7,
Europe,Switzerland,2013,,16.5,45.7,74.4,84.6,54.1,,84.9,
Europe,Switzerland,2014,,16.5,45.6,75.1,84.4,54.6,,83.7,
Asia,Turkey,1990,,,19.0,32.9,76.9,,,,
Asia,Turkey,1991,,,26.0,33.7,76.3,,,,
Asia,Turkey,1992,,,25.1,31.9,75.5,,,,
Asia,Turkey,1993,,,18.9,25.8,74.2,,,,
Asia,Turkey,1994,,,18.5,30.4,74.6,,,,
Asia,Turkey,1995,,,13.0,30.2,74.6,,,,
Asia,Turkey,1996,,,12.0,30.3,74.9,,,,
Asia,Turkey,1997,,,13.2,28.0,74.8,,,,
Asia,Turkey,1998,,,13.2,28.5,74.3,,,,
Asia,Turkey,1999,,,16.8,28.9,72.7,,,,
Asia,Turkey,2000,,,19.3,26.2,71.7,,,,
Asia,Turkey,2001,,,14.0,26.3,69.3,,,,
Asia,Turkey,2002,,,13.5,26.6,66.9,,,,
Asia,Turkey,2003,,,12.3,25.2,65.9,,,,
Asia,Turkey,2004,,,13.9,22.3,66.4,,,,
Asia,Turkey,2005,,,13.1,22.3,66.9,,,,
Asia,Turkey,2006,,,17.3,22.7,66.8,25.4,,91.8,
Asia,Turkey,2007,,,18.6,22.8,66.8,24.8,,89.6,
Asia,Turkey,2008,,,19.0,23.5,66.6,25.4,,88.5,
Asia,Turkey,2009,,,23.5,24.2,64.6,25.2,,84.5,
Asia,Turkey,2010,20.1,,23.4,26.2,66.7,27.4,,87.0,
Asia,Turkey,2011,,,24.3,27.8,69.3,28.8,,89.8,
Asia,Turkey,2012,,,24.2,28.7,69.2,29.7,,88.7,
Asia,Turkey,2013,,,24.5,29.6,69.5,30.3,,88.3,
Asia,Turkey,2014,,,20.6,29.5,69.5,30.6,,87.5,
Europe,United Kingdom,1990,,,39.5,62.8,82.1,,,,
Europe,United Kingdom,1991,,,40.3,62.2,79.5,,,,
Europe,United Kingdom,1992,,,40.7,61.9,76.2,,,,
Europe,United Kingdom,1993,,,41.0,61.8,74.8,,,,
Europe,United Kingdom,1994,,,41.2,62.1,75.3,,,,
Europe,United Kingdom,1995,,,40.8,62.5,76.1,48.0,,84.5,
Europe,United Kingdom,1996,,,41.4,63.3,76.3,48.5,,84.5,
Europe,United Kingdom,1997,,,41.0,64.0,77.4,49.4,,85.3,
Europe,United Kingdom,1998,,,41.2,64.2,78.0,49.5,,85.8,
Europe,United Kingdom,1999,,,40.6,65.0,78.3,50.2,,85.1,
Europe,United Kingdom,2000,26.3,26.3,40.7,65.6,78.9,50.7,,85.4,
Europe,United Kingdom,2001,25.6,25.6,39.7,66.0,79.1,51.6,,85.6,
Europe,United Kingdom,2002,24.4,24.4,39.6,66.4,78.8,51.8,,84.3,
Europe,United Kingdom,2003,24.1,24.1,39.8,66.3,79.3,51.5,,84.2,
Europe,United Kingdom,2004,23.4,23.4,39.8,66.5,79.0,51.7,,83.5,
Europe,United Kingdom,2005,22.1,22.1,38.5,66.7,78.9,52.2,,82.8,
Europe,United Kingdom,2006,21.7,21.7,38.6,66.8,78.6,52.3,,82.1,
Europe,United Kingdom,2007,21.6,21.6,38.3,66.3,78.7,52.1,,82.2,
Europe,United Kingdom,2008,21.9,21.9,37.8,66.8,78.6,52.7,,81.7,
Europe,United Kingdom,2009,20.7,20.7,38.7,65.5,75.8,51.3,,78.1,
Europe,United Kingdom,2010,19.2,19.2,39.3,65.3,75.2,51.0,,77.1,
Europe,United Kingdom,2011,18.2,18.2,39.3,65.2,75.4,50.8,,77.3,
Europe,United Kingdom,2012,17.8,17.8,39.4,65.6,75.9,51.2,,77.5,
Europe,United Kingdom,2013,17.5,17.5,38.7,66.4,75.9,52.2,,77.6,
Europe,United Kingdom,2014,17.4,17.4,38.1,67.8,77.6,53.7,,79.6,
North America,United States,1990,,,20.2,64.0,80.7,,,,
North America,United States,1991,,,20.7,63.3,78.9,,,,
North America,United States,1992,,,20.5,63.5,78.3,,,,
North America,United States,1993,,,20.5,64.0,78.7,,,,
North America,United States,1994,,,20.4,65.2,79.0,,,,
North America,United States,1995,,,20.2,65.8,79.5,58.8,,81.8,
North America,United States,1996,,,20.1,66.3,79.7,59.4,,82.0,
North America,United States,1997,,,19.4,67.1,80.1,60.5,,82.3,
North America,United States,1998,,,19.1,67.4,80.5,60.9,,82.9,
North America,United States,1999,,,18.9,67.6,80.5,61.2,,82.8,
North America,United States,2000,23.1,23.1,18.0,67.8,80.6,61.7,,83.0,
North America,United States,2001,23.6,23.6,18.0,67.1,79.4,60.9,,81.3,
North America,United States,2002,22.1,22.1,18.5,66.1,78.0,59.8,,79.7,
North America,United States,2003,20.6,20.6,18.8,65.7,76.9,59.2,,78.4,
North America,United States,2004,19.6,19.6,18.8,65.4,77.2,59.0,,78.7,
North America,United States,2005,19.0,19.0,18.3,65.6,77.6,59.4,,79.3,
North America,United States,2006,19.2,19.2,17.8,66.1,78.1,60.1,,80.0,
North America,United States,2007,19.8,19.8,17.9,65.9,77.8,59.8,,79.6,
North America,United States,2008,20.0,20.0,17.8,65.5,76.4,59.5,,77.8,
North America,United States,2009,19.8,19.8,19.2,63.4,72.0,56.9,,72.2,
North America,United States,2010,18.8,18.8,18.4,62.4,71.1,56.4,,71.7,
North America,United States,2011,17.8,17.8,17.1,62.0,71.4,56.1,,72.0,
North America,United States,2012,19.1,19.1,18.3,62.2,72.3,56.3,,73.2,
North America,United States,2013,17.9,17.9,16.7,62.3,72.6,56.7,,73.4,
North America,United States,2014,17.5,17.5,16.8,63.0,73.5,57.4,,74.6,